{
    "header": {
        "stamp": {
            "sec": 58,
            "nanosec": 266668077
        },
        "frame_id": "rear_rs_depth_optical_frame"
    },
    "height": 200,
    "width": 300,
    "distortion_model": "pinhole",
    "d": [],
    "k": [
        133.10345458984375,
        0.0,
        150.0,
        0.0,
        133.1034393310547,
        100.0,
        0.0,
        0.0,
        1.0
    ],
    "r": [
        1.0,
        0.0,
        0.0,
        0.0,
        1.0,
        0.0,
        0.0,
        0.0,
        1.0
    ],
    "p": [
        133.10345458984375,
        0.0,
        150.0,
        0.0,
        0.0,
        133.1034393310547,
        100.0,
        0.0,
        0.0,
        0.0,
        1.0,
        0.0
    ],
    "binning_x": 0,
    "binning_y": 0,
    "roi": {
        "x_offset": 0,
        "y_offset": 0,
        "height": 0,
        "width": 0,
        "do_rectify": false
    }
}