{
    "header": {
        "stamp": {
            "sec": 1011,
            "nanosec": 677802274
        },
        "frame_id": "front_rs_depth_optical_frame"
    },
    "height": 100,
    "width": 175,
    "distortion_model": "pinhole",
    "d": [],
    "k": [
        76.43678283691406,
        0.0,
        87.5,
        0.0,
        76.43678283691406,
        50.0,
        0.0,
        0.0,
        1.0
    ],
    "r": [
        1.0,
        0.0,
        0.0,
        0.0,
        1.0,
        0.0,
        0.0,
        0.0,
        1.0
    ],
    "p": [
        76.43678283691406,
        0.0,
        87.5,
        0.0,
        0.0,
        76.43678283691406,
        50.0,
        0.0,
        0.0,
        0.0,
        1.0,
        0.0
    ],
    "binning_x": 0,
    "binning_y": 0,
    "roi": {
        "x_offset": 0,
        "y_offset": 0,
        "height": 0,
        "width": 0,
        "do_rectify": false
    }
}